run_accession	study_accession	study_title	experiment_accession	experiment_title	experiment_desc	organism_taxid	organism_name	library_name	library_strategy	library_source	library_selection	library_layout	sample_accession	sample_title	instrument	instrument_model	instrument_model_desc	total_spots	total_size	run_total_spots	run_total_bases	run_alias	public_filename	public_size	public_date	public_md5	public_version	public_semantic_name	public_supertype	public_sratoolkit	aws_url	aws_free_egress	aws_access_type	public_url	ncbi_url	ncbi_free_egress	ncbi_access_type	gcp_url	gcp_free_egress	gcp_access_type	experiment_alias	source_name	cell type	stage	kit used	ena_fastq_http	ena_fastq_http_1	ena_fastq_http_2	ena_fastq_ftp	ena_fastq_ftp_1	ena_fastq_ftp_2
SRR18511696	SRP366403	Single nuclei multiomics of human stem cell-derived islets identifies deficiencies in lineage specification	SRX14642877	GSM5979664: SC-Islet 1 [ATAC-Seq]; Homo sapiens; ATAC-seq	GSM5979664: SC-Islet 1 [ATAC-Seq]; Homo sapiens; ATAC-seq	9606	Homo sapiens		ATAC-seq	GENOMIC	other	PAIRED	SRS12408958		Illumina NovaSeq 6000	Illumina NovaSeq 6000	ILLUMINA	304179888	11919836929	304179888	35893226784	GSM5979664_r1	TWHH-scislet1_atac_S3_L001_R1_001.fastq.gz	9405599770	2022-03-29 02:34:45	57854c2055854dd1b659284b6e3b61f8	1	fastq	Original	0	s3://sra-pub-src-14/SRR18511696/TWHH-scislet1_atac_S3_L001_R1_001.fastq.gz.1	-	Use Cloud Data Delivery	https://sra-pub-run-odp.s3.amazonaws.com/sra/SRR18511696/SRR18511696	https://sra-downloadb.be-md.ncbi.nlm.nih.gov/sos2/sra-pub-zq-18/SRR018/18511/SRR18511696/SRR18511696.lite.1	worldwide	anonymous	gs://sra-pub-zq-3/SRR18511696/SRR18511696.lite.1	gs.US	gcp identity	GSM5979664	Stem Cell Derived Islets	ES-Derived Islet	In vitro	10x Single Cell Multiome ATAC + Gene Expression v1 kit		http://ftp.sra.ebi.ac.uk/vol1/fastq/SRR185/096/SRR18511696/SRR18511696_1.fastq.gz	http://ftp.sra.ebi.ac.uk/vol1/fastq/SRR185/096/SRR18511696/SRR18511696_2.fastq.gz		era-fasp@fasp.sra.ebi.ac.uk:vol1/fastq/SRR185/096/SRR18511696/SRR18511696_1.fastq.gz	era-fasp@fasp.sra.ebi.ac.uk:vol1/fastq/SRR185/096/SRR18511696/SRR18511696_2.fastq.gz
SRR18511697	SRP366403	Single nuclei multiomics of human stem cell-derived islets identifies deficiencies in lineage specification	SRX14642878	GSM5979665: SC-Islet 1 [RNA-Seq]; Homo sapiens; RNA-Seq	GSM5979665: SC-Islet 1 [RNA-Seq]; Homo sapiens; RNA-Seq	9606	Homo sapiens		RNA-Seq	TRANSCRIPTOMIC	cDNA	PAIRED	SRS12408959		Illumina NovaSeq 6000	Illumina NovaSeq 6000	ILLUMINA	419226590	25148712618	419226590	74622333020	GSM5979665_r1	TWHH-scislet1_S2_L004_R1_001.fastq.gz	9017778407	2022-03-29 04:59:45	2f91838e61f4ffd97185d05c3c5aa548	1	fastq	Original	0	s3://sra-pub-src-15/SRR18511697/TWHH-scislet1_S2_L004_R1_001.fastq.gz.1	-	Use Cloud Data Delivery	https://sra-pub-run-odp.s3.amazonaws.com/sra/SRR18511697/SRR18511697	https://sra-downloadb.be-md.ncbi.nlm.nih.gov/sos2/sra-pub-zq-18/SRR018/18511/SRR18511697/SRR18511697.lite.1	worldwide	anonymous	gs://sra-pub-zq-8/SRR18511697/SRR18511697.lite.1	gs.US	gcp identity	GSM5979665	Stem Cell Derived Islets	ES-Derived Islet	In vitro	10x Single Cell Multiome ATAC + Gene Expression v1 kit		http://ftp.sra.ebi.ac.uk/vol1/fastq/SRR185/097/SRR18511697/SRR18511697_1.fastq.gz	http://ftp.sra.ebi.ac.uk/vol1/fastq/SRR185/097/SRR18511697/SRR18511697_2.fastq.gz		era-fasp@fasp.sra.ebi.ac.uk:vol1/fastq/SRR185/097/SRR18511697/SRR18511697_1.fastq.gz	era-fasp@fasp.sra.ebi.ac.uk:vol1/fastq/SRR185/097/SRR18511697/SRR18511697_2.fastq.gz
SRR18511698	SRP366403	Single nuclei multiomics of human stem cell-derived islets identifies deficiencies in lineage specification	SRX14642879	GSM5979666: SC-Islet 2 [ATAC-Seq]; Homo sapiens; ATAC-seq	GSM5979666: SC-Islet 2 [ATAC-Seq]; Homo sapiens; ATAC-seq	9606	Homo sapiens		ATAC-seq	GENOMIC	other	PAIRED	SRS12408960		Illumina NovaSeq 6000	Illumina NovaSeq 6000	ILLUMINA	406975127	15808037965	406975127	47209114732	GSM5979666_r1	SRR18511698.lite	12346921914	2022-10-16 17:30:58	7e83a3f77675957b78fbbd6795c426a3	1	SRA Lite	Primary ETL	1	s3://sra-pub-zq-4/SRR18511698/SRR18511698.lite.1	s3.us-east-1	aws identity	https://sra-downloadb.be-md.ncbi.nlm.nih.gov/sos2/sra-pub-zq-20/SRR018/18511/SRR18511698/SRR18511698.lite.1	https://sra-downloadb.be-md.ncbi.nlm.nih.gov/sos2/sra-pub-zq-20/SRR018/18511/SRR18511698/SRR18511698.lite.1	worldwide	anonymous	gs://sra-pub-zq-8/SRR18511698/SRR18511698.lite.1	gs.US	gcp identity	GSM5979666	Stem Cell Derived Islets	ES-Derived Islet	In vitro	10x Single Cell Multiome ATAC + Gene Expression v1 kit		http://ftp.sra.ebi.ac.uk/vol1/fastq/SRR185/098/SRR18511698/SRR18511698_1.fastq.gz	http://ftp.sra.ebi.ac.uk/vol1/fastq/SRR185/098/SRR18511698/SRR18511698_2.fastq.gz		era-fasp@fasp.sra.ebi.ac.uk:vol1/fastq/SRR185/098/SRR18511698/SRR18511698_1.fastq.gz	era-fasp@fasp.sra.ebi.ac.uk:vol1/fastq/SRR185/098/SRR18511698/SRR18511698_2.fastq.gz
SRR18511699	SRP366403	Single nuclei multiomics of human stem cell-derived islets identifies deficiencies in lineage specification	SRX14642880	GSM5979667: SC-Islet 2 [RNA-Seq]; Homo sapiens; RNA-Seq	GSM5979667: SC-Islet 2 [RNA-Seq]; Homo sapiens; RNA-Seq	9606	Homo sapiens		RNA-Seq	TRANSCRIPTOMIC	cDNA	PAIRED	SRS12408961		Illumina NovaSeq 6000	Illumina NovaSeq 6000	ILLUMINA	417632874	25115546925	417632874	74338651572	GSM5979667_r1	SRR18511699.lite	18664941494	2022-11-17 18:02:25	166db51fecba23db0ab994bc32f9939f	1	SRA Lite	Primary ETL	1	s3://sra-pub-zq-1/SRR18511699/SRR18511699.lite.1	s3.us-east-1	aws identity	https://sra-downloadb.be-md.ncbi.nlm.nih.gov/sos3/sra-pub-zq-24/SRR018/18511/SRR18511699/SRR18511699.lite.1	https://sra-downloadb.be-md.ncbi.nlm.nih.gov/sos3/sra-pub-zq-24/SRR018/18511/SRR18511699/SRR18511699.lite.1	worldwide	anonymous	gs://sra-pub-zq-1/SRR18511699/SRR18511699.lite.1	gs.US	gcp identity	GSM5979667	Stem Cell Derived Islets	ES-Derived Islet	In vitro	10x Single Cell Multiome ATAC + Gene Expression v1 kit		http://ftp.sra.ebi.ac.uk/vol1/fastq/SRR185/099/SRR18511699/SRR18511699_1.fastq.gz	http://ftp.sra.ebi.ac.uk/vol1/fastq/SRR185/099/SRR18511699/SRR18511699_2.fastq.gz		era-fasp@fasp.sra.ebi.ac.uk:vol1/fastq/SRR185/099/SRR18511699/SRR18511699_1.fastq.gz	era-fasp@fasp.sra.ebi.ac.uk:vol1/fastq/SRR185/099/SRR18511699/SRR18511699_2.fastq.gz
SRR18511704	SRP366403	Single nuclei multiomics of human stem cell-derived islets identifies deficiencies in lineage specification	SRX14642885	GSM5979672: SC-Islet Stage6 week 2 [ATAC-Seq]; Homo sapiens; ATAC-seq	GSM5979672: SC-Islet Stage6 week 2 [ATAC-Seq]; Homo sapiens; ATAC-seq	9606	Homo sapiens		ATAC-seq	GENOMIC	other	PAIRED	SRS12408966		Illumina NovaSeq 6000	Illumina NovaSeq 6000	ILLUMINA	360328095	13774446771	360328095	41798059020	GSM5979672_r1	SRR18511704.lite	10949292747	2022-10-20 09:39:21	53918206c3b056aa76547ce207611da5	1	SRA Lite	Primary ETL	1	s3://sra-pub-zq-5/SRR18511704/SRR18511704.lite.1	s3.us-east-1	aws identity	https://sra-downloadb.be-md.ncbi.nlm.nih.gov/sos1/sra-pub-zq-38/SRR018/18511/SRR18511704/SRR18511704.lite.1	https://sra-downloadb.be-md.ncbi.nlm.nih.gov/sos1/sra-pub-zq-38/SRR018/18511/SRR18511704/SRR18511704.lite.1	worldwide	anonymous	gs://sra-pub-zq-8/SRR18511704/SRR18511704.lite.1	gs.US	gcp identity	GSM5979672	Stem Cell Derived Islets	ES-Derived Islet	In vitro	10x Single Cell Multiome ATAC + Gene Expression v1 kit		http://ftp.sra.ebi.ac.uk/vol1/fastq/SRR185/004/SRR18511704/SRR18511704_1.fastq.gz	http://ftp.sra.ebi.ac.uk/vol1/fastq/SRR185/004/SRR18511704/SRR18511704_2.fastq.gz		era-fasp@fasp.sra.ebi.ac.uk:vol1/fastq/SRR185/004/SRR18511704/SRR18511704_1.fastq.gz	era-fasp@fasp.sra.ebi.ac.uk:vol1/fastq/SRR185/004/SRR18511704/SRR18511704_2.fastq.gz
SRR18511705	SRP366403	Single nuclei multiomics of human stem cell-derived islets identifies deficiencies in lineage specification	SRX14642886	GSM5979673: SC-Islet Stage6 week 2 [RNA-Seq]; Homo sapiens; RNA-Seq	GSM5979673: SC-Islet Stage6 week 2 [RNA-Seq]; Homo sapiens; RNA-Seq	9606	Homo sapiens		RNA-Seq	TRANSCRIPTOMIC	cDNA	PAIRED	SRS12408967		Illumina NovaSeq 6000	Illumina NovaSeq 6000	ILLUMINA	514096708	29902904160	272431033	48492723874	GSM5979673_r1	SRR18511705.lite	12168194524	2022-10-15 10:34:03	8579c250a5154db7d6f98b37c78bba52	1	SRA Lite	Primary ETL	1	s3://sra-pub-zq-4/SRR18511705/SRR18511705.lite.1	s3.us-east-1	aws identity	https://sra-downloadb.be-md.ncbi.nlm.nih.gov/sos1/sra-pub-zq-38/SRR018/18511/SRR18511705/SRR18511705.lite.1	https://sra-downloadb.be-md.ncbi.nlm.nih.gov/sos1/sra-pub-zq-38/SRR018/18511/SRR18511705/SRR18511705.lite.1	worldwide	anonymous	gs://sra-pub-zq-8/SRR18511705/SRR18511705.lite.1	gs.US	gcp identity	GSM5979673	Stem Cell Derived Islets	ES-Derived Islet	In vitro	10x Single Cell Multiome ATAC + Gene Expression v1 kit		http://ftp.sra.ebi.ac.uk/vol1/fastq/SRR185/005/SRR18511705/SRR18511705_1.fastq.gz	http://ftp.sra.ebi.ac.uk/vol1/fastq/SRR185/005/SRR18511705/SRR18511705_2.fastq.gz		era-fasp@fasp.sra.ebi.ac.uk:vol1/fastq/SRR185/005/SRR18511705/SRR18511705_1.fastq.gz	era-fasp@fasp.sra.ebi.ac.uk:vol1/fastq/SRR185/005/SRR18511705/SRR18511705_2.fastq.gz
SRR18511706	SRP366403	Single nuclei multiomics of human stem cell-derived islets identifies deficiencies in lineage specification	SRX14642886	GSM5979673: SC-Islet Stage6 week 2 [RNA-Seq]; Homo sapiens; RNA-Seq	GSM5979673: SC-Islet Stage6 week 2 [RNA-Seq]; Homo sapiens; RNA-Seq	9606	Homo sapiens		RNA-Seq	TRANSCRIPTOMIC	cDNA	PAIRED	SRS12408967		Illumina NovaSeq 6000	Illumina NovaSeq 6000	ILLUMINA	514096708	29902904160	241665675	43016490150	GSM5979673_r2	SRR18511706.lite	10798147461	2022-10-13 10:49:16	2b7e414c5aa5b13dbfec195117980ce9	1	SRA Lite	Primary ETL	1	s3://sra-pub-zq-4/SRR18511706/SRR18511706.lite.1	s3.us-east-1	aws identity	https://sra-downloadb.be-md.ncbi.nlm.nih.gov/sos1/sra-pub-zq-38/SRR018/18511/SRR18511706/SRR18511706.lite.1	https://sra-downloadb.be-md.ncbi.nlm.nih.gov/sos1/sra-pub-zq-38/SRR018/18511/SRR18511706/SRR18511706.lite.1	worldwide	anonymous	gs://sra-pub-zq-8/SRR18511706/SRR18511706.lite.1	gs.US	gcp identity	GSM5979673	Stem Cell Derived Islets	ES-Derived Islet	In vitro	10x Single Cell Multiome ATAC + Gene Expression v1 kit		http://ftp.sra.ebi.ac.uk/vol1/fastq/SRR185/006/SRR18511706/SRR18511706_1.fastq.gz	http://ftp.sra.ebi.ac.uk/vol1/fastq/SRR185/006/SRR18511706/SRR18511706_2.fastq.gz		era-fasp@fasp.sra.ebi.ac.uk:vol1/fastq/SRR185/006/SRR18511706/SRR18511706_1.fastq.gz	era-fasp@fasp.sra.ebi.ac.uk:vol1/fastq/SRR185/006/SRR18511706/SRR18511706_2.fastq.gz
SRR18511707	SRP366403	Single nuclei multiomics of human stem cell-derived islets identifies deficiencies in lineage specification	SRX14642887	GSM5979674: SC-Islet Stage6 week 3 [ATAC-Seq]; Homo sapiens; ATAC-seq	GSM5979674: SC-Islet Stage6 week 3 [ATAC-Seq]; Homo sapiens; ATAC-seq	9606	Homo sapiens		ATAC-seq	GENOMIC	other	PAIRED	SRS12408968		Illumina NovaSeq 6000	Illumina NovaSeq 6000	ILLUMINA	458763865	17651226900	458763865	53216608340	GSM5979674_r1	TWHH-week3_atac_S5_L004_R1_001.fastq.gz	14531234356	2022-03-29 04:55:17	47634ac9e9ed5420c160a49c6f8008cd	1	fastq	Original	0	s3://sra-pub-src-9/SRR18511707/TWHH-week3_atac_S5_L004_R1_001.fastq.gz.1	-	Use Cloud Data Delivery	https://sra-pub-run-odp.s3.amazonaws.com/sra/SRR18511707/SRR18511707	https://sra-downloadb.be-md.ncbi.nlm.nih.gov/sos1/sra-pub-zq-38/SRR018/18511/SRR18511707/SRR18511707.lite.1	worldwide	anonymous	gs://sra-pub-zq-8/SRR18511707/SRR18511707.lite.1	gs.US	gcp identity	GSM5979674	Stem Cell Derived Islets	ES-Derived Islet	In vitro	10x Single Cell Multiome ATAC + Gene Expression v1 kit		http://ftp.sra.ebi.ac.uk/vol1/fastq/SRR185/007/SRR18511707/SRR18511707_1.fastq.gz	http://ftp.sra.ebi.ac.uk/vol1/fastq/SRR185/007/SRR18511707/SRR18511707_2.fastq.gz		era-fasp@fasp.sra.ebi.ac.uk:vol1/fastq/SRR185/007/SRR18511707/SRR18511707_1.fastq.gz	era-fasp@fasp.sra.ebi.ac.uk:vol1/fastq/SRR185/007/SRR18511707/SRR18511707_2.fastq.gz
SRR18511708	SRP366403	Single nuclei multiomics of human stem cell-derived islets identifies deficiencies in lineage specification	SRX14642888	GSM5979675: SC-Islet Stage6 week 3 [RNA-Seq]; Homo sapiens; RNA-Seq	GSM5979675: SC-Islet Stage6 week 3 [RNA-Seq]; Homo sapiens; RNA-Seq	9606	Homo sapiens		RNA-Seq	TRANSCRIPTOMIC	cDNA	PAIRED	SRS12408969		Illumina NovaSeq 6000	Illumina NovaSeq 6000	ILLUMINA	421230005	25769289564	421230005	74978940890	GSM5979675_r1	TWHH-week3_S3_L002_R1_001.fastq.gz	8935124827	2022-03-29 06:52:15	dcb4a69763b05c54f06f9a40633aef8b	1	fastq	Original	0	s3://sra-pub-src-15/SRR18511708/TWHH-week3_S3_L002_R1_001.fastq.gz.1	-	Use Cloud Data Delivery	https://sra-pub-run-odp.s3.amazonaws.com/sra/SRR18511708/SRR18511708	https://sra-downloadb.be-md.ncbi.nlm.nih.gov/sos1/sra-pub-zq-38/SRR018/18511/SRR18511708/SRR18511708.lite.1	worldwide	anonymous	gs://sra-pub-zq-8/SRR18511708/SRR18511708.lite.1	gs.US	gcp identity	GSM5979675	Stem Cell Derived Islets	ES-Derived Islet	In vitro	10x Single Cell Multiome ATAC + Gene Expression v1 kit		http://ftp.sra.ebi.ac.uk/vol1/fastq/SRR185/008/SRR18511708/SRR18511708_1.fastq.gz	http://ftp.sra.ebi.ac.uk/vol1/fastq/SRR185/008/SRR18511708/SRR18511708_2.fastq.gz		era-fasp@fasp.sra.ebi.ac.uk:vol1/fastq/SRR185/008/SRR18511708/SRR18511708_1.fastq.gz	era-fasp@fasp.sra.ebi.ac.uk:vol1/fastq/SRR185/008/SRR18511708/SRR18511708_2.fastq.gz
SRR18511709	SRP366403	Single nuclei multiomics of human stem cell-derived islets identifies deficiencies in lineage specification	SRX14642889	GSM5979676: SC-Islet Stage6 week 4 [ATAC-Seq]; Homo sapiens; ATAC-seq	GSM5979676: SC-Islet Stage6 week 4 [ATAC-Seq]; Homo sapiens; ATAC-seq	9606	Homo sapiens		ATAC-seq	GENOMIC	other	PAIRED	SRS12408970		Illumina NovaSeq 6000	Illumina NovaSeq 6000	ILLUMINA	407902691	15871828922	407902691	47316712156	GSM5979676_r1	TWHH-week4_atac_S3_L004_R1_001.fastq.gz	13222932300	2022-03-29 01:45:03	6155087e8a5a6d998c4960e9c5d2f287	1	fastq	Original	0	s3://sra-pub-src-10/SRR18511709/TWHH-week4_atac_S3_L004_R1_001.fastq.gz.1	-	Use Cloud Data Delivery	https://sra-pub-run-odp.s3.amazonaws.com/sra/SRR18511709/SRR18511709	https://sra-downloadb.be-md.ncbi.nlm.nih.gov/sos1/sra-pub-zq-38/SRR018/18511/SRR18511709/SRR18511709.lite.1	worldwide	anonymous	gs://sra-pub-zq-8/SRR18511709/SRR18511709.lite.1	gs.US	gcp identity	GSM5979676	Stem Cell Derived Islets	ES-Derived Islet	In vitro	10x Single Cell Multiome ATAC + Gene Expression v1 kit		http://ftp.sra.ebi.ac.uk/vol1/fastq/SRR185/009/SRR18511709/SRR18511709_1.fastq.gz	http://ftp.sra.ebi.ac.uk/vol1/fastq/SRR185/009/SRR18511709/SRR18511709_2.fastq.gz		era-fasp@fasp.sra.ebi.ac.uk:vol1/fastq/SRR185/009/SRR18511709/SRR18511709_1.fastq.gz	era-fasp@fasp.sra.ebi.ac.uk:vol1/fastq/SRR185/009/SRR18511709/SRR18511709_2.fastq.gz
SRR18511710	SRP366403	Single nuclei multiomics of human stem cell-derived islets identifies deficiencies in lineage specification	SRX14642890	GSM5979677: SC-Islet Stage6 week 4 [RNA-Seq]; Homo sapiens; RNA-Seq	GSM5979677: SC-Islet Stage6 week 4 [RNA-Seq]; Homo sapiens; RNA-Seq	9606	Homo sapiens		RNA-Seq	TRANSCRIPTOMIC	cDNA	PAIRED	SRS12408971		Illumina NovaSeq 6000	Illumina NovaSeq 6000	ILLUMINA	686180875	42196826852	686180875	122140195750	GSM5979677_r1	TWHH-week4_S2_L002_R1_001.fastq.gz	14393829817	2022-03-29 10:44:51	c9c56ec74a9a250548324c0ca906484d	1	fastq	Original	0	s3://sra-pub-src-17/SRR18511710/TWHH-week4_S2_L002_R1_001.fastq.gz.1	-	Use Cloud Data Delivery	https://sra-pub-run-odp.s3.amazonaws.com/sra/SRR18511710/SRR18511710	https://sra-downloadb.be-md.ncbi.nlm.nih.gov/sos1/sra-pub-zq-38/SRR018/18511/SRR18511710/SRR18511710.lite.1	worldwide	anonymous	gs://sra-pub-zq-8/SRR18511710/SRR18511710.lite.1	gs.US	gcp identity	GSM5979677	Stem Cell Derived Islets	ES-Derived Islet	In vitro	10x Single Cell Multiome ATAC + Gene Expression v1 kit		http://ftp.sra.ebi.ac.uk/vol1/fastq/SRR185/010/SRR18511710/SRR18511710_1.fastq.gz	http://ftp.sra.ebi.ac.uk/vol1/fastq/SRR185/010/SRR18511710/SRR18511710_2.fastq.gz		era-fasp@fasp.sra.ebi.ac.uk:vol1/fastq/SRR185/010/SRR18511710/SRR18511710_1.fastq.gz	era-fasp@fasp.sra.ebi.ac.uk:vol1/fastq/SRR185/010/SRR18511710/SRR18511710_2.fastq.gz
SRR18511711	SRP366403	Single nuclei multiomics of human stem cell-derived islets identifies deficiencies in lineage specification	SRX14642891	GSM5979678: Human Islet 1 [ATAC-Seq]; Homo sapiens; ATAC-seq	GSM5979678: Human Islet 1 [ATAC-Seq]; Homo sapiens; ATAC-seq	9606	Homo sapiens		ATAC-seq	GENOMIC	other	PAIRED	SRS12408972		Illumina NovaSeq 6000	Illumina NovaSeq 6000	ILLUMINA	327396237	12864280434	327396237	38632755966	GSM5979678_r1	TWHH-humanislet1_atac_S2_L001_R1_001.fastq.gz	10304696596	2022-03-29 01:02:32	f5226c8c3fdf95022740eb9a05aadd5c	1	fastq	Original	0	s3://sra-pub-src-10/SRR18511711/TWHH-humanislet1_atac_S2_L001_R1_001.fastq.gz.1	-	Use Cloud Data Delivery	https://sra-pub-run-odp.s3.amazonaws.com/sra/SRR18511711/SRR18511711	https://sra-downloadb.be-md.ncbi.nlm.nih.gov/sos1/sra-pub-zq-38/SRR018/18511/SRR18511711/SRR18511711.lite.1	worldwide	anonymous	gs://sra-pub-zq-8/SRR18511711/SRR18511711.lite.1	gs.US	gcp identity	GSM5979678	Human islets	Primary	Primary	10x Single Cell Multiome ATAC + Gene Expression v1 kit		http://ftp.sra.ebi.ac.uk/vol1/fastq/SRR185/011/SRR18511711/SRR18511711_1.fastq.gz	http://ftp.sra.ebi.ac.uk/vol1/fastq/SRR185/011/SRR18511711/SRR18511711_2.fastq.gz		era-fasp@fasp.sra.ebi.ac.uk:vol1/fastq/SRR185/011/SRR18511711/SRR18511711_1.fastq.gz	era-fasp@fasp.sra.ebi.ac.uk:vol1/fastq/SRR185/011/SRR18511711/SRR18511711_2.fastq.gz
SRR18511712	SRP366403	Single nuclei multiomics of human stem cell-derived islets identifies deficiencies in lineage specification	SRX14642892	GSM5979679: Human Islet 1 [RNA-Seq]; Homo sapiens; RNA-Seq	GSM5979679: Human Islet 1 [RNA-Seq]; Homo sapiens; RNA-Seq	9606	Homo sapiens		RNA-Seq	TRANSCRIPTOMIC	cDNA	PAIRED	SRS12408973		Illumina NovaSeq 6000	Illumina NovaSeq 6000	ILLUMINA	405302329	23283613813	405302329	72143814562	GSM5979679_r1	TWHH-humanislet1_S2_L004_R1_001.fastq.gz	8665170652	2022-03-29 06:01:11	dd75e58e29f524dbd504cb4eca7acfb3	1	fastq	Original	0	s3://sra-pub-src-4/SRR18511712/TWHH-humanislet1_S2_L004_R1_001.fastq.gz.1	-	Use Cloud Data Delivery	https://sra-pub-run-odp.s3.amazonaws.com/sra/SRR18511712/SRR18511712	https://sra-downloadb.be-md.ncbi.nlm.nih.gov/sos1/sra-pub-zq-38/SRR018/18511/SRR18511712/SRR18511712.lite.1	worldwide	anonymous	gs://sra-pub-zq-8/SRR18511712/SRR18511712.lite.1	gs.US	gcp identity	GSM5979679	Human islets	Primary	Primary	10x Single Cell Multiome ATAC + Gene Expression v1 kit		http://ftp.sra.ebi.ac.uk/vol1/fastq/SRR185/012/SRR18511712/SRR18511712_1.fastq.gz	http://ftp.sra.ebi.ac.uk/vol1/fastq/SRR185/012/SRR18511712/SRR18511712_2.fastq.gz		era-fasp@fasp.sra.ebi.ac.uk:vol1/fastq/SRR185/012/SRR18511712/SRR18511712_1.fastq.gz	era-fasp@fasp.sra.ebi.ac.uk:vol1/fastq/SRR185/012/SRR18511712/SRR18511712_2.fastq.gz
SRR18511713	SRP366403	Single nuclei multiomics of human stem cell-derived islets identifies deficiencies in lineage specification	SRX14642893	GSM5979680: Human Islet 2 [ATAC-Seq]; Homo sapiens; ATAC-seq	GSM5979680: Human Islet 2 [ATAC-Seq]; Homo sapiens; ATAC-seq	9606	Homo sapiens		ATAC-seq	GENOMIC	other	PAIRED	SRS12408974		Illumina NovaSeq 6000	Illumina NovaSeq 6000	ILLUMINA	480652480	19113950203	480652480	55755687680	GSM5979680_r1	SRR18511713.lite	14565264692	2022-10-15 17:29:34	6e27fc1e0d4d25de2ecdc12c8644d13b	1	SRA Lite	Primary ETL	1	s3://sra-pub-zq-4/SRR18511713/SRR18511713.lite.1	s3.us-east-1	aws identity	https://sra-downloadb.be-md.ncbi.nlm.nih.gov/sos1/sra-pub-zq-38/SRR018/18511/SRR18511713/SRR18511713.lite.1	https://sra-downloadb.be-md.ncbi.nlm.nih.gov/sos1/sra-pub-zq-38/SRR018/18511/SRR18511713/SRR18511713.lite.1	worldwide	anonymous	gs://sra-pub-zq-8/SRR18511713/SRR18511713.lite.1	gs.US	gcp identity	GSM5979680	Human islets	Primary	Primary	10x Single Cell Multiome ATAC + Gene Expression v1 kit		http://ftp.sra.ebi.ac.uk/vol1/fastq/SRR185/013/SRR18511713/SRR18511713_1.fastq.gz	http://ftp.sra.ebi.ac.uk/vol1/fastq/SRR185/013/SRR18511713/SRR18511713_2.fastq.gz		era-fasp@fasp.sra.ebi.ac.uk:vol1/fastq/SRR185/013/SRR18511713/SRR18511713_1.fastq.gz	era-fasp@fasp.sra.ebi.ac.uk:vol1/fastq/SRR185/013/SRR18511713/SRR18511713_2.fastq.gz
SRR18511714	SRP366403	Single nuclei multiomics of human stem cell-derived islets identifies deficiencies in lineage specification	SRX14642894	GSM5979681: Human Islet 2 [RNA-Seq]; Homo sapiens; RNA-Seq	GSM5979681: Human Islet 2 [RNA-Seq]; Homo sapiens; RNA-Seq	9606	Homo sapiens		RNA-Seq	TRANSCRIPTOMIC	cDNA	PAIRED	SRS12408975		Illumina NovaSeq 6000	Illumina NovaSeq 6000	ILLUMINA	479845245	27884113948	238426117	42439848826	GSM5979681_r1	SRR18511714.lite	10656077463	2022-10-28 16:55:51	57ad8dd194857d24d0f7764121651728	1	SRA Lite	Primary ETL	1	s3://sra-pub-zq-6/SRR18511714/SRR18511714.lite.1	s3.us-east-1	aws identity	https://sra-downloadb.be-md.ncbi.nlm.nih.gov/sos2/sra-pub-zq-18/SRR018/18511/SRR18511714/SRR18511714.lite.1	https://sra-downloadb.be-md.ncbi.nlm.nih.gov/sos2/sra-pub-zq-18/SRR018/18511/SRR18511714/SRR18511714.lite.1	worldwide	anonymous	gs://sra-pub-zq-3/SRR18511714/SRR18511714.lite.1	gs.US	gcp identity	GSM5979681	Human islets	Primary	Primary	10x Single Cell Multiome ATAC + Gene Expression v1 kit		http://ftp.sra.ebi.ac.uk/vol1/fastq/SRR185/014/SRR18511714/SRR18511714_1.fastq.gz	http://ftp.sra.ebi.ac.uk/vol1/fastq/SRR185/014/SRR18511714/SRR18511714_2.fastq.gz		era-fasp@fasp.sra.ebi.ac.uk:vol1/fastq/SRR185/014/SRR18511714/SRR18511714_1.fastq.gz	era-fasp@fasp.sra.ebi.ac.uk:vol1/fastq/SRR185/014/SRR18511714/SRR18511714_2.fastq.gz
SRR18511715	SRP366403	Single nuclei multiomics of human stem cell-derived islets identifies deficiencies in lineage specification	SRX14642894	GSM5979681: Human Islet 2 [RNA-Seq]; Homo sapiens; RNA-Seq	GSM5979681: Human Islet 2 [RNA-Seq]; Homo sapiens; RNA-Seq	9606	Homo sapiens		RNA-Seq	TRANSCRIPTOMIC	cDNA	PAIRED	SRS12408975		Illumina NovaSeq 6000	Illumina NovaSeq 6000	ILLUMINA	479845245	27884113948	241419128	42972604784	GSM5979681_r2	TWHH-humanislet2_S5_L002_R1_001.fastq.gz	5154300890	2022-03-28 23:43:43	ef825c72c5c3141a694b7837c72d4e13	1	fastq	Original	0	s3://sra-pub-src-10/SRR18511715/TWHH-humanislet2_S5_L002_R1_001.fastq.gz.1	-	Use Cloud Data Delivery	https://sra-pub-run-odp.s3.amazonaws.com/sra/SRR18511715/SRR18511715	https://sra-downloadb.be-md.ncbi.nlm.nih.gov/sos2/sra-pub-zq-20/SRR018/18511/SRR18511715/SRR18511715.lite.1	worldwide	anonymous	gs://sra-pub-zq-1/SRR18511715/SRR18511715.lite.1	gs.US	gcp identity	GSM5979681	Human islets	Primary	Primary	10x Single Cell Multiome ATAC + Gene Expression v1 kit		http://ftp.sra.ebi.ac.uk/vol1/fastq/SRR185/015/SRR18511715/SRR18511715_1.fastq.gz	http://ftp.sra.ebi.ac.uk/vol1/fastq/SRR185/015/SRR18511715/SRR18511715_2.fastq.gz		era-fasp@fasp.sra.ebi.ac.uk:vol1/fastq/SRR185/015/SRR18511715/SRR18511715_1.fastq.gz	era-fasp@fasp.sra.ebi.ac.uk:vol1/fastq/SRR185/015/SRR18511715/SRR18511715_2.fastq.gz
SRR18511716	SRP366403	Single nuclei multiomics of human stem cell-derived islets identifies deficiencies in lineage specification	SRX14642895	GSM5979682: Transplanted SC-Islet 1 [ATAC-Seq]; Homo sapiens; ATAC-seq	GSM5979682: Transplanted SC-Islet 1 [ATAC-Seq]; Homo sapiens; ATAC-seq	9606	Homo sapiens		ATAC-seq	GENOMIC	other	PAIRED	SRS12408976		Illumina NovaSeq 6000	Illumina NovaSeq 6000	ILLUMINA	396007712	15407433951	396007712	45936894592	GSM5979682_r1	TWHH-txpscislet1_atac_S6_L001_R1_001.fastq.gz	12686405528	2022-03-29 02:16:46	a02f72936a68a0594a09cd6123ec66b4	1	fastq	Original	0	s3://sra-pub-src-6/SRR18511716/TWHH-txpscislet1_atac_S6_L001_R1_001.fastq.gz.1	-	Use Cloud Data Delivery	https://sra-pub-run-odp.s3.amazonaws.com/sra/SRR18511716/SRR18511716	https://sra-downloadb.be-md.ncbi.nlm.nih.gov/sos2/sra-pub-zq-20/SRR018/18511/SRR18511716/SRR18511716.lite.1	worldwide	anonymous	gs://sra-pub-zq-8/SRR18511716/SRR18511716.lite.1	gs.US	gcp identity	GSM5979682	Stem Cell Derived Islets	ES-Derived Islet	In vivo	10x Single Cell Multiome ATAC + Gene Expression v1 kit		http://ftp.sra.ebi.ac.uk/vol1/fastq/SRR185/016/SRR18511716/SRR18511716_1.fastq.gz	http://ftp.sra.ebi.ac.uk/vol1/fastq/SRR185/016/SRR18511716/SRR18511716_2.fastq.gz		era-fasp@fasp.sra.ebi.ac.uk:vol1/fastq/SRR185/016/SRR18511716/SRR18511716_1.fastq.gz	era-fasp@fasp.sra.ebi.ac.uk:vol1/fastq/SRR185/016/SRR18511716/SRR18511716_2.fastq.gz
SRR18511717	SRP366403	Single nuclei multiomics of human stem cell-derived islets identifies deficiencies in lineage specification	SRX14642896	GSM5979683: Transplanted SC-Islet 1 [RNA-Seq]; Homo sapiens; RNA-Seq	GSM5979683: Transplanted SC-Islet 1 [RNA-Seq]; Homo sapiens; RNA-Seq	9606	Homo sapiens		RNA-Seq	TRANSCRIPTOMIC	cDNA	PAIRED	SRS12408977		Illumina NovaSeq 6000	Illumina NovaSeq 6000	ILLUMINA	542450493	32360309390	542450493	96556187754	GSM5979683_r1	TWHH-txpscislet1_S2_L004_R1_001.fastq.gz	11391394875	2022-03-29 07:07:52	d2bcef1e3b5565d00707aa2db5ed69f6	1	fastq	Original	0	s3://sra-pub-src-12/SRR18511717/TWHH-txpscislet1_S2_L004_R1_001.fastq.gz.1	-	Use Cloud Data Delivery	https://sra-pub-run-odp.s3.amazonaws.com/sra/SRR18511717/SRR18511717	https://sra-downloadb.be-md.ncbi.nlm.nih.gov/sos2/sra-pub-zq-18/SRR018/18511/SRR18511717/SRR18511717.lite.1	worldwide	anonymous	gs://sra-pub-zq-8/SRR18511717/SRR18511717.lite.1	gs.US	gcp identity	GSM5979683	Stem Cell Derived Islets	ES-Derived Islet	In vivo	10x Single Cell Multiome ATAC + Gene Expression v1 kit		http://ftp.sra.ebi.ac.uk/vol1/fastq/SRR185/017/SRR18511717/SRR18511717_1.fastq.gz	http://ftp.sra.ebi.ac.uk/vol1/fastq/SRR185/017/SRR18511717/SRR18511717_2.fastq.gz		era-fasp@fasp.sra.ebi.ac.uk:vol1/fastq/SRR185/017/SRR18511717/SRR18511717_1.fastq.gz	era-fasp@fasp.sra.ebi.ac.uk:vol1/fastq/SRR185/017/SRR18511717/SRR18511717_2.fastq.gz
SRR18511718	SRP366403	Single nuclei multiomics of human stem cell-derived islets identifies deficiencies in lineage specification	SRX14642897	GSM5979684: Transplanted SC-Islet 2 [ATAC-Seq]; Homo sapiens; ATAC-seq	GSM5979684: Transplanted SC-Islet 2 [ATAC-Seq]; Homo sapiens; ATAC-seq	9606	Homo sapiens		ATAC-seq	GENOMIC	other	PAIRED	SRS12408978		Illumina NovaSeq 6000	Illumina NovaSeq 6000	ILLUMINA	320694424	12089365780	320694424	37200553184	GSM5979684_r1	TWHH-txpscislet2_atac_S7_L001_R1_001.fastq.gz	9974288343	2022-03-29 00:56:26	1adc34e3fbff91a9cd667b7abe0e6084	1	fastq	Original	0	s3://sra-pub-src-12/SRR18511718/TWHH-txpscislet2_atac_S7_L001_R1_001.fastq.gz.1	-	Use Cloud Data Delivery	https://sra-pub-run-odp.s3.amazonaws.com/sra/SRR18511718/SRR18511718	https://sra-downloadb.be-md.ncbi.nlm.nih.gov/sos1/sra-pub-zq-38/SRR018/18511/SRR18511718/SRR18511718.lite.1	worldwide	anonymous	gs://sra-pub-zq-8/SRR18511718/SRR18511718.lite.1	gs.US	gcp identity	GSM5979684	Stem Cell Derived Islets	ES-Derived Islet	In vivo	10x Single Cell Multiome ATAC + Gene Expression v1 kit		http://ftp.sra.ebi.ac.uk/vol1/fastq/SRR185/018/SRR18511718/SRR18511718_1.fastq.gz	http://ftp.sra.ebi.ac.uk/vol1/fastq/SRR185/018/SRR18511718/SRR18511718_2.fastq.gz		era-fasp@fasp.sra.ebi.ac.uk:vol1/fastq/SRR185/018/SRR18511718/SRR18511718_1.fastq.gz	era-fasp@fasp.sra.ebi.ac.uk:vol1/fastq/SRR185/018/SRR18511718/SRR18511718_2.fastq.gz
SRR18511719	SRP366403	Single nuclei multiomics of human stem cell-derived islets identifies deficiencies in lineage specification	SRX14642898	GSM5979685: Transplanted SC-Islet 2 [RNA-Seq]; Homo sapiens; RNA-Seq	GSM5979685: Transplanted SC-Islet 2 [RNA-Seq]; Homo sapiens; RNA-Seq	9606	Homo sapiens		RNA-Seq	TRANSCRIPTOMIC	cDNA	PAIRED	SRS12408980		Illumina NovaSeq 6000	Illumina NovaSeq 6000	ILLUMINA	469015244	27926115000	469015244	83484713432	GSM5979685_r1	TWHH-txpscislet2_S3_L004_R1_001.fastq.gz	9900561144	2022-03-29 07:38:42	8048b2fa40a45d4883489bab5947384d	1	fastq	Original	0	s3://sra-pub-src-10/SRR18511719/TWHH-txpscislet2_S3_L004_R1_001.fastq.gz.1	-	Use Cloud Data Delivery	https://sra-pub-run-odp.s3.amazonaws.com/sra/SRR18511719/SRR18511719	https://sra-downloadb.be-md.ncbi.nlm.nih.gov/sos2/sra-pub-zq-18/SRR018/18511/SRR18511719/SRR18511719.lite.1	worldwide	anonymous	gs://sra-pub-zq-8/SRR18511719/SRR18511719.lite.1	gs.US	gcp identity	GSM5979685	Stem Cell Derived Islets	ES-Derived Islet	In vivo	10x Single Cell Multiome ATAC + Gene Expression v1 kit		http://ftp.sra.ebi.ac.uk/vol1/fastq/SRR185/019/SRR18511719/SRR18511719_1.fastq.gz	http://ftp.sra.ebi.ac.uk/vol1/fastq/SRR185/019/SRR18511719/SRR18511719_2.fastq.gz		era-fasp@fasp.sra.ebi.ac.uk:vol1/fastq/SRR185/019/SRR18511719/SRR18511719_1.fastq.gz	era-fasp@fasp.sra.ebi.ac.uk:vol1/fastq/SRR185/019/SRR18511719/SRR18511719_2.fastq.gz
SRR18511720	SRP366403	Single nuclei multiomics of human stem cell-derived islets identifies deficiencies in lineage specification	SRX14642899	GSM5979686: Transplanted SC-Islet 3 [ATAC-Seq]; Homo sapiens; ATAC-seq	GSM5979686: Transplanted SC-Islet 3 [ATAC-Seq]; Homo sapiens; ATAC-seq	9606	Homo sapiens		ATAC-seq	GENOMIC	other	PAIRED	SRS12408979		Illumina NovaSeq 6000	Illumina NovaSeq 6000	ILLUMINA	282925620	10714559007	282925620	32819371920	GSM5979686_r1	TWHH-txpscislet3_atac_S8_L001_R1_001.fastq.gz	8904555239	2022-03-29 00:33:53	9400274110bd49114b4f0e3eb8873d35	1	fastq	Original	0	s3://sra-pub-src-4/SRR18511720/TWHH-txpscislet3_atac_S8_L001_R1_001.fastq.gz.1	-	Use Cloud Data Delivery	https://sra-pub-run-odp.s3.amazonaws.com/sra/SRR18511720/SRR18511720	https://sra-downloadb.be-md.ncbi.nlm.nih.gov/sos1/sra-pub-zq-38/SRR018/18511/SRR18511720/SRR18511720.lite.1	worldwide	anonymous	gs://sra-pub-zq-8/SRR18511720/SRR18511720.lite.1	gs.US	gcp identity	GSM5979686	Stem Cell Derived Islets	ES-Derived Islet	In vivo	10x Single Cell Multiome ATAC + Gene Expression v1 kit		http://ftp.sra.ebi.ac.uk/vol1/fastq/SRR185/020/SRR18511720/SRR18511720_1.fastq.gz	http://ftp.sra.ebi.ac.uk/vol1/fastq/SRR185/020/SRR18511720/SRR18511720_2.fastq.gz		era-fasp@fasp.sra.ebi.ac.uk:vol1/fastq/SRR185/020/SRR18511720/SRR18511720_1.fastq.gz	era-fasp@fasp.sra.ebi.ac.uk:vol1/fastq/SRR185/020/SRR18511720/SRR18511720_2.fastq.gz
SRR18511721	SRP366403	Single nuclei multiomics of human stem cell-derived islets identifies deficiencies in lineage specification	SRX14642900	GSM5979687: Transplanted SC-Islet 3 [RNA-Seq]; Homo sapiens; RNA-Seq	GSM5979687: Transplanted SC-Islet 3 [RNA-Seq]; Homo sapiens; RNA-Seq	9606	Homo sapiens		RNA-Seq	TRANSCRIPTOMIC	cDNA	PAIRED	SRS12408981		Illumina NovaSeq 6000	Illumina NovaSeq 6000	ILLUMINA	518728711	30826891767	518728711	92333710558	GSM5979687_r1	SRR18511721.lite	23175631806	2022-10-17 22:58:30	7a7afc0ae980506007af3aba4be7309d	1	SRA Lite	Primary ETL	1	s3://sra-pub-zq-5/SRR18511721/SRR18511721.lite.1	s3.us-east-1	aws identity	https://sra-downloadb.be-md.ncbi.nlm.nih.gov/sos1/sra-pub-zq-38/SRR018/18511/SRR18511721/SRR18511721.lite.1	https://sra-downloadb.be-md.ncbi.nlm.nih.gov/sos1/sra-pub-zq-38/SRR018/18511/SRR18511721/SRR18511721.lite.1	worldwide	anonymous	gs://sra-pub-zq-8/SRR18511721/SRR18511721.lite.1	gs.US	gcp identity	GSM5979687	Stem Cell Derived Islets	ES-Derived Islet	In vivo	10x Single Cell Multiome ATAC + Gene Expression v1 kit		http://ftp.sra.ebi.ac.uk/vol1/fastq/SRR185/021/SRR18511721/SRR18511721_1.fastq.gz	http://ftp.sra.ebi.ac.uk/vol1/fastq/SRR185/021/SRR18511721/SRR18511721_2.fastq.gz		era-fasp@fasp.sra.ebi.ac.uk:vol1/fastq/SRR185/021/SRR18511721/SRR18511721_1.fastq.gz	era-fasp@fasp.sra.ebi.ac.uk:vol1/fastq/SRR185/021/SRR18511721/SRR18511721_2.fastq.gz
SRR18511722	SRP366403	Single nuclei multiomics of human stem cell-derived islets identifies deficiencies in lineage specification	SRX14642901	GSM5979688: CRISPRA SC-Islet CTCF Untreated Control [ATAC-Seq]; Homo sapiens; ATAC-seq	GSM5979688: CRISPRA SC-Islet CTCF Untreated Control [ATAC-Seq]; Homo sapiens; ATAC-seq	9606	Homo sapiens		ATAC-seq	GENOMIC	other	PAIRED	SRS12408982		Illumina NovaSeq 6000	Illumina NovaSeq 6000	ILLUMINA	426488958	16434063034	426488958	49472719128	GSM5979688_r1	SRR18511722.lite	12930735488	2022-10-18 09:01:23	53e5f993157ed7bfc15cdde1767b6b7b	1	SRA Lite	Primary ETL	1	s3://sra-pub-zq-5/SRR18511722/SRR18511722.lite.1	s3.us-east-1	aws identity	https://sra-downloadb.be-md.ncbi.nlm.nih.gov/sos1/sra-pub-zq-38/SRR018/18511/SRR18511722/SRR18511722.lite.1	https://sra-downloadb.be-md.ncbi.nlm.nih.gov/sos1/sra-pub-zq-38/SRR018/18511/SRR18511722/SRR18511722.lite.1	worldwide	anonymous	gs://sra-pub-zq-8/SRR18511722/SRR18511722.lite.1	gs.US	gcp identity	GSM5979688	Stem Cell Derived Islets	ES-Derived Islet	In vitro	10x Single Cell Multiome ATAC + Gene Expression v1 kit		http://ftp.sra.ebi.ac.uk/vol1/fastq/SRR185/022/SRR18511722/SRR18511722_1.fastq.gz	http://ftp.sra.ebi.ac.uk/vol1/fastq/SRR185/022/SRR18511722/SRR18511722_2.fastq.gz		era-fasp@fasp.sra.ebi.ac.uk:vol1/fastq/SRR185/022/SRR18511722/SRR18511722_1.fastq.gz	era-fasp@fasp.sra.ebi.ac.uk:vol1/fastq/SRR185/022/SRR18511722/SRR18511722_2.fastq.gz
SRR18511723	SRP366403	Single nuclei multiomics of human stem cell-derived islets identifies deficiencies in lineage specification	SRX14642902	GSM5979689: CRISPRA SC-Islet CTCF Untreated Control [RNA-Seq]; Homo sapiens; RNA-Seq	GSM5979689: CRISPRA SC-Islet CTCF Untreated Control [RNA-Seq]; Homo sapiens; RNA-Seq	9606	Homo sapiens		RNA-Seq	TRANSCRIPTOMIC	cDNA	PAIRED	SRS12408983		Illumina NovaSeq 6000	Illumina NovaSeq 6000	ILLUMINA	504448786	29738082703	504448786	89791883908	GSM5979689_r1	TWHH-CTCFCtrl_S3_L002_R1_001.fastq.gz	10730893059	2022-03-29 06:44:05	c637eb8bc72b4d87e11059bf4727283a	1	fastq	Original	0	s3://sra-pub-src-4/SRR18511723/TWHH-CTCFCtrl_S3_L002_R1_001.fastq.gz.1	-	Use Cloud Data Delivery	https://sra-pub-run-odp.s3.amazonaws.com/sra/SRR18511723/SRR18511723	https://sra-downloadb.be-md.ncbi.nlm.nih.gov/sos1/sra-pub-zq-38/SRR018/18511/SRR18511723/SRR18511723.lite.1	worldwide	anonymous	gs://sra-pub-zq-8/SRR18511723/SRR18511723.lite.1	gs.US	gcp identity	GSM5979689	Stem Cell Derived Islets	ES-Derived Islet	In vitro	10x Single Cell Multiome ATAC + Gene Expression v1 kit		http://ftp.sra.ebi.ac.uk/vol1/fastq/SRR185/023/SRR18511723/SRR18511723_1.fastq.gz	http://ftp.sra.ebi.ac.uk/vol1/fastq/SRR185/023/SRR18511723/SRR18511723_2.fastq.gz		era-fasp@fasp.sra.ebi.ac.uk:vol1/fastq/SRR185/023/SRR18511723/SRR18511723_1.fastq.gz	era-fasp@fasp.sra.ebi.ac.uk:vol1/fastq/SRR185/023/SRR18511723/SRR18511723_2.fastq.gz
SRR18511724	SRP366403	Single nuclei multiomics of human stem cell-derived islets identifies deficiencies in lineage specification	SRX14642903	GSM5979690: CRISPRA SC-Islet CTCF Doxycycline [ATAC-Seq]; Homo sapiens; ATAC-seq	GSM5979690: CRISPRA SC-Islet CTCF Doxycycline [ATAC-Seq]; Homo sapiens; ATAC-seq	9606	Homo sapiens		ATAC-seq	GENOMIC	other	PAIRED	SRS12408984		Illumina NovaSeq 6000	Illumina NovaSeq 6000	ILLUMINA	458348010	17364850229	458348010	53168369160	GSM5979690_r1	TWHH-CTCFDox_atac_S7_L001_R1_001.fastq.gz	14194500747	2022-03-29 03:56:29	293f3cd8c6e94f91eff7741617c497dc	1	fastq	Original	0	s3://sra-pub-src-15/SRR18511724/TWHH-CTCFDox_atac_S7_L001_R1_001.fastq.gz.1	-	Use Cloud Data Delivery	https://sra-pub-run-odp.s3.amazonaws.com/sra/SRR18511724/SRR18511724	https://sra-downloadb.be-md.ncbi.nlm.nih.gov/sos2/sra-pub-zq-18/SRR018/18511/SRR18511724/SRR18511724.lite.1	worldwide	anonymous	gs://sra-pub-zq-8/SRR18511724/SRR18511724.lite.1	gs.US	gcp identity	GSM5979690	Stem Cell Derived Islets	ES-Derived Islet	In vitro	10x Single Cell Multiome ATAC + Gene Expression v1 kit		http://ftp.sra.ebi.ac.uk/vol1/fastq/SRR185/024/SRR18511724/SRR18511724_1.fastq.gz	http://ftp.sra.ebi.ac.uk/vol1/fastq/SRR185/024/SRR18511724/SRR18511724_2.fastq.gz		era-fasp@fasp.sra.ebi.ac.uk:vol1/fastq/SRR185/024/SRR18511724/SRR18511724_1.fastq.gz	era-fasp@fasp.sra.ebi.ac.uk:vol1/fastq/SRR185/024/SRR18511724/SRR18511724_2.fastq.gz
SRR18511725	SRP366403	Single nuclei multiomics of human stem cell-derived islets identifies deficiencies in lineage specification	SRX14642904	GSM5979691: CRISPRA SC-Islet CTCF Doxycycline [RNA-Seq]; Homo sapiens; RNA-Seq	GSM5979691: CRISPRA SC-Islet CTCF Doxycycline [RNA-Seq]; Homo sapiens; RNA-Seq	9606	Homo sapiens		RNA-Seq	TRANSCRIPTOMIC	cDNA	PAIRED	SRS12408985		Illumina NovaSeq 6000	Illumina NovaSeq 6000	ILLUMINA	553404954	32358264559	553404954	98506081812	GSM5979691_r1	SRR18511725.lite	24715491375	2022-10-15 19:07:06	ab3ef6b2a6eea59e0d9770d09e49bc38	1	SRA Lite	Primary ETL	1	s3://sra-pub-zq-4/SRR18511725/SRR18511725.lite.1	s3.us-east-1	aws identity	https://sra-downloadb.be-md.ncbi.nlm.nih.gov/sos1/sra-pub-zq-38/SRR018/18511/SRR18511725/SRR18511725.lite.1	https://sra-downloadb.be-md.ncbi.nlm.nih.gov/sos1/sra-pub-zq-38/SRR018/18511/SRR18511725/SRR18511725.lite.1	worldwide	anonymous	gs://sra-pub-zq-8/SRR18511725/SRR18511725.lite.1	gs.US	gcp identity	GSM5979691	Stem Cell Derived Islets	ES-Derived Islet	In vitro	10x Single Cell Multiome ATAC + Gene Expression v1 kit		http://ftp.sra.ebi.ac.uk/vol1/fastq/SRR185/025/SRR18511725/SRR18511725_1.fastq.gz	http://ftp.sra.ebi.ac.uk/vol1/fastq/SRR185/025/SRR18511725/SRR18511725_2.fastq.gz		era-fasp@fasp.sra.ebi.ac.uk:vol1/fastq/SRR185/025/SRR18511725/SRR18511725_1.fastq.gz	era-fasp@fasp.sra.ebi.ac.uk:vol1/fastq/SRR185/025/SRR18511725/SRR18511725_2.fastq.gz
SRR18511726	SRP366403	Single nuclei multiomics of human stem cell-derived islets identifies deficiencies in lineage specification	SRX14642905	GSM5979692: SC-Islet GFP Control [ATAC-Seq]; Homo sapiens; ATAC-seq	GSM5979692: SC-Islet GFP Control [ATAC-Seq]; Homo sapiens; ATAC-seq	9606	Homo sapiens		ATAC-seq	GENOMIC	other	PAIRED	SRS12408986		Illumina NovaSeq 6000	Illumina NovaSeq 6000	ILLUMINA	444787938	17237856611	444787938	51595400808	GSM5979692_r1	TWHH-shGFPCtrl_atac_S5_L002_R1_001.fastq.gz	14145157190	2022-03-29 03:01:52	2d144954719baed5b47260b6f113f8c8	1	fastq	Original	0	s3://sra-pub-src-18/SRR18511726/TWHH-shGFPCtrl_atac_S5_L002_R1_001.fastq.gz.1	-	Use Cloud Data Delivery	https://sra-pub-run-odp.s3.amazonaws.com/sra/SRR18511726/SRR18511726	https://sra-downloadb.be-md.ncbi.nlm.nih.gov/sos1/sra-pub-zq-38/SRR018/18511/SRR18511726/SRR18511726.lite.1	worldwide	anonymous	gs://sra-pub-zq-8/SRR18511726/SRR18511726.lite.1	gs.US	gcp identity	GSM5979692	Stem Cell Derived Islets	ES-Derived Islet	In vitro	10x Single Cell Multiome ATAC + Gene Expression v1 kit		http://ftp.sra.ebi.ac.uk/vol1/fastq/SRR185/026/SRR18511726/SRR18511726_1.fastq.gz	http://ftp.sra.ebi.ac.uk/vol1/fastq/SRR185/026/SRR18511726/SRR18511726_2.fastq.gz		era-fasp@fasp.sra.ebi.ac.uk:vol1/fastq/SRR185/026/SRR18511726/SRR18511726_1.fastq.gz	era-fasp@fasp.sra.ebi.ac.uk:vol1/fastq/SRR185/026/SRR18511726/SRR18511726_2.fastq.gz
SRR18511727	SRP366403	Single nuclei multiomics of human stem cell-derived islets identifies deficiencies in lineage specification	SRX14642906	GSM5979693: SC-Islet GFP Control [RNA-Seq]; Homo sapiens; RNA-Seq	GSM5979693: SC-Islet GFP Control [RNA-Seq]; Homo sapiens; RNA-Seq	9606	Homo sapiens		RNA-Seq	TRANSCRIPTOMIC	cDNA	PAIRED	SRS12408987		Illumina NovaSeq 6000	Illumina NovaSeq 6000	ILLUMINA	861681365	50809569110	861681365	153379282970	GSM5979693_r1	TWHH-shGFPCtrl_S3_L003_R1_001.fastq.gz	17473267183	2022-03-29 14:58:35	24922a21f02026d4ed8a1a3efdd157ee	1	fastq	Original	0	s3://sra-pub-src-10/SRR18511727/TWHH-shGFPCtrl_S3_L003_R1_001.fastq.gz.1	-	Use Cloud Data Delivery	https://sra-pub-run-odp.s3.amazonaws.com/sra/SRR18511727/SRR18511727	https://sra-downloadb.be-md.ncbi.nlm.nih.gov/sos1/sra-pub-zq-38/SRR018/18511/SRR18511727/SRR18511727.lite.1	worldwide	anonymous	gs://sra-pub-zq-8/SRR18511727/SRR18511727.lite.1	gs.US	gcp identity	GSM5979693	Stem Cell Derived Islets	ES-Derived Islet	In vitro	10x Single Cell Multiome ATAC + Gene Expression v1 kit		http://ftp.sra.ebi.ac.uk/vol1/fastq/SRR185/027/SRR18511727/SRR18511727_1.fastq.gz	http://ftp.sra.ebi.ac.uk/vol1/fastq/SRR185/027/SRR18511727/SRR18511727_2.fastq.gz		era-fasp@fasp.sra.ebi.ac.uk:vol1/fastq/SRR185/027/SRR18511727/SRR18511727_1.fastq.gz	era-fasp@fasp.sra.ebi.ac.uk:vol1/fastq/SRR185/027/SRR18511727/SRR18511727_2.fastq.gz
SRR18511728	SRP366403	Single nuclei multiomics of human stem cell-derived islets identifies deficiencies in lineage specification	SRX14642907	GSM5979694: SC-Islet ARID1B knockdown [ATAC-Seq]; Homo sapiens; ATAC-seq	GSM5979694: SC-Islet ARID1B knockdown [ATAC-Seq]; Homo sapiens; ATAC-seq	9606	Homo sapiens		ATAC-seq	GENOMIC	other	PAIRED	SRS12408988		Illumina NovaSeq 6000	Illumina NovaSeq 6000	ILLUMINA	434913264	16880085595	434913264	50449938624	GSM5979694_r1	SRR18511728.lite	13185011498	2022-10-22 00:52:12	95c3faf58ca2c0e197d1de243eec3f19	1	SRA Lite	Primary ETL	1	s3://sra-pub-zq-5/SRR18511728/SRR18511728.lite.1	s3.us-east-1	aws identity	https://sra-downloadb.be-md.ncbi.nlm.nih.gov/sos2/sra-pub-zq-20/SRR018/18511/SRR18511728/SRR18511728.lite.1	https://sra-downloadb.be-md.ncbi.nlm.nih.gov/sos2/sra-pub-zq-20/SRR018/18511/SRR18511728/SRR18511728.lite.1	worldwide	anonymous	gs://sra-pub-zq-8/SRR18511728/SRR18511728.lite.1	gs.US	gcp identity	GSM5979694	Stem Cell Derived Islets	ES-Derived Islet	In vitro	10x Single Cell Multiome ATAC + Gene Expression v1 kit		http://ftp.sra.ebi.ac.uk/vol1/fastq/SRR185/028/SRR18511728/SRR18511728_1.fastq.gz	http://ftp.sra.ebi.ac.uk/vol1/fastq/SRR185/028/SRR18511728/SRR18511728_2.fastq.gz		era-fasp@fasp.sra.ebi.ac.uk:vol1/fastq/SRR185/028/SRR18511728/SRR18511728_1.fastq.gz	era-fasp@fasp.sra.ebi.ac.uk:vol1/fastq/SRR185/028/SRR18511728/SRR18511728_2.fastq.gz
SRR18511729	SRP366403	Single nuclei multiomics of human stem cell-derived islets identifies deficiencies in lineage specification	SRX14642908	GSM5979695: SC-Islet ARID1B knockdown [RNA-Seq]; Homo sapiens; RNA-Seq	GSM5979695: SC-Islet ARID1B knockdown [RNA-Seq]; Homo sapiens; RNA-Seq	9606	Homo sapiens		RNA-Seq	TRANSCRIPTOMIC	cDNA	PAIRED	SRS12408989		Illumina NovaSeq 6000	Illumina NovaSeq 6000	ILLUMINA	609071041	35324863133	609071041	108414645298	GSM5979695_r1	TWHH-shARID1B_S2_L003_R1_001.fastq.gz	12520573169	2022-03-29 08:04:59	f8d1f1f46ce003bbc72e887d82e4cecc	1	fastq	Original	0	s3://sra-pub-src-7/SRR18511729/TWHH-shARID1B_S2_L003_R1_001.fastq.gz.1	-	Use Cloud Data Delivery	https://sra-pub-run-odp.s3.amazonaws.com/sra/SRR18511729/SRR18511729	https://sra-downloadb.be-md.ncbi.nlm.nih.gov/sos2/sra-pub-zq-18/SRR018/18511/SRR18511729/SRR18511729.lite.1	worldwide	anonymous	gs://sra-pub-zq-3/SRR18511729/SRR18511729.lite.1	gs.US	gcp identity	GSM5979695	Stem Cell Derived Islets	ES-Derived Islet	In vitro	10x Single Cell Multiome ATAC + Gene Expression v1 kit		http://ftp.sra.ebi.ac.uk/vol1/fastq/SRR185/029/SRR18511729/SRR18511729_1.fastq.gz	http://ftp.sra.ebi.ac.uk/vol1/fastq/SRR185/029/SRR18511729/SRR18511729_2.fastq.gz		era-fasp@fasp.sra.ebi.ac.uk:vol1/fastq/SRR185/029/SRR18511729/SRR18511729_1.fastq.gz	era-fasp@fasp.sra.ebi.ac.uk:vol1/fastq/SRR185/029/SRR18511729/SRR18511729_2.fastq.gz
SRR21518362	SRP366403	Single nuclei multiomics of human stem cell-derived islets identifies deficiencies in lineage specification	SRX17520825	GSM6571151: SC-Islet Stage6 month 6 [ATAC-Seq]; Homo sapiens; ATAC-seq	GSM6571151: SC-Islet Stage6 month 6 [ATAC-Seq]; Homo sapiens; ATAC-seq	9606	Homo sapiens		ATAC-seq	GENOMIC	other	PAIRED	SRS15071390		Illumina NovaSeq 6000	Illumina NovaSeq 6000	ILLUMINA	416198619	15525615722	416198619	48279039804	GSM6571151_r1	SRR21518362.lite	12614427841	2023-05-07 18:13:55	e267509b1c3dc6c6d4a2d48a8bb41256	1	SRA Lite	Primary ETL	1	s3://sra-pub-zq-8/SRR21518362/SRR21518362.lite.1	s3.us-east-1	aws identity	https://sra-downloadb.be-md.ncbi.nlm.nih.gov/sos4/sra-pub-zq-3/SRR021/21518/SRR21518362/SRR21518362.lite.1	https://sra-downloadb.be-md.ncbi.nlm.nih.gov/sos4/sra-pub-zq-3/SRR021/21518/SRR21518362/SRR21518362.lite.1	worldwide	anonymous	gs://sra-pub-zq-9/SRR21518362/SRR21518362.lite.1	gs.US	gcp identity	GSM6571151	Stem Cell Derived Islets	ES-Derived Islet	In vitro	10x Single Cell Multiome ATAC + Gene Expression v1 kit		http://ftp.sra.ebi.ac.uk/vol1/fastq/SRR215/062/SRR21518362/SRR21518362_1.fastq.gz	http://ftp.sra.ebi.ac.uk/vol1/fastq/SRR215/062/SRR21518362/SRR21518362_2.fastq.gz		era-fasp@fasp.sra.ebi.ac.uk:vol1/fastq/SRR215/062/SRR21518362/SRR21518362_1.fastq.gz	era-fasp@fasp.sra.ebi.ac.uk:vol1/fastq/SRR215/062/SRR21518362/SRR21518362_2.fastq.gz
SRR21518363	SRP366403	Single nuclei multiomics of human stem cell-derived islets identifies deficiencies in lineage specification	SRX17520826	GSM6571152: SC-Islet Stage6 month 6 [RNA-Seq]; Homo sapiens; ATAC-seq	GSM6571152: SC-Islet Stage6 month 6 [RNA-Seq]; Homo sapiens; ATAC-seq	9606	Homo sapiens		ATAC-seq	TRANSCRIPTOMIC	other	PAIRED	SRS15071391		Illumina NovaSeq 6000	Illumina NovaSeq 6000	ILLUMINA	441551364	26232537305	441551364	78596142792	GSM6571152_r1	SRR21518363.lite	20088386279	2023-05-09 20:17:40	4e5b5273c268a666eeafe1722c10307b	1	SRA Lite	Primary ETL	1	s3://sra-pub-zq-7/SRR21518363/SRR21518363.lite.1	s3.us-east-1	aws identity	https://sra-downloadb.be-md.ncbi.nlm.nih.gov/sos4/sra-pub-zq-3/SRR021/21518/SRR21518363/SRR21518363.lite.1	https://sra-downloadb.be-md.ncbi.nlm.nih.gov/sos4/sra-pub-zq-3/SRR021/21518/SRR21518363/SRR21518363.lite.1	worldwide	anonymous	gs://sra-pub-zq-9/SRR21518363/SRR21518363.lite.1	gs.US	gcp identity	GSM6571152	Stem Cell Derived Islets	ES-Derived Islet	In vitro	10x Single Cell Multiome ATAC + Gene Expression v1 kit		http://ftp.sra.ebi.ac.uk/vol1/fastq/SRR215/063/SRR21518363/SRR21518363_1.fastq.gz	http://ftp.sra.ebi.ac.uk/vol1/fastq/SRR215/063/SRR21518363/SRR21518363_2.fastq.gz		era-fasp@fasp.sra.ebi.ac.uk:vol1/fastq/SRR215/063/SRR21518363/SRR21518363_1.fastq.gz	era-fasp@fasp.sra.ebi.ac.uk:vol1/fastq/SRR215/063/SRR21518363/SRR21518363_2.fastq.gz
SRR21518364	SRP366403	Single nuclei multiomics of human stem cell-derived islets identifies deficiencies in lineage specification	SRX17520827	GSM6571153: SC-Islet Stage6 month 12 [ATAC-Seq]; Homo sapiens; ATAC-seq	GSM6571153: SC-Islet Stage6 month 12 [ATAC-Seq]; Homo sapiens; ATAC-seq	9606	Homo sapiens		ATAC-seq	GENOMIC	other	PAIRED	SRS15071392		Illumina NovaSeq 6000	Illumina NovaSeq 6000	ILLUMINA	369758188	13904373511	227422857	26381051412	GSM6571153_r1	TWHH-month12_atac_S3_L001_R1_001.fastq.gz	7188348943	2022-09-13 01:10:48	febd7e93cd72d104afce757303fac055	1	fastq	Original	0	s3://sra-pub-src-13/SRR21518364/TWHH-month12_atac_S3_L001_R1_001.fastq.gz.1	-	Use Cloud Data Delivery	https://sra-pub-run-odp.s3.amazonaws.com/sra/SRR21518364/SRR21518364	https://sra-downloadb.be-md.ncbi.nlm.nih.gov/sos4/sra-pub-zq-3/SRR021/21518/SRR21518364/SRR21518364.lite.1	worldwide	anonymous	gs://sra-pub-zq-9/SRR21518364/SRR21518364.lite.1	gs.US	gcp identity	GSM6571153	Stem Cell Derived Islets	ES-Derived Islet	In vitro	10x Single Cell Multiome ATAC + Gene Expression v1 kit		http://ftp.sra.ebi.ac.uk/vol1/fastq/SRR215/064/SRR21518364/SRR21518364_1.fastq.gz	http://ftp.sra.ebi.ac.uk/vol1/fastq/SRR215/064/SRR21518364/SRR21518364_2.fastq.gz		era-fasp@fasp.sra.ebi.ac.uk:vol1/fastq/SRR215/064/SRR21518364/SRR21518364_1.fastq.gz	era-fasp@fasp.sra.ebi.ac.uk:vol1/fastq/SRR215/064/SRR21518364/SRR21518364_2.fastq.gz
SRR21518365	SRP366403	Single nuclei multiomics of human stem cell-derived islets identifies deficiencies in lineage specification	SRX17520827	GSM6571153: SC-Islet Stage6 month 12 [ATAC-Seq]; Homo sapiens; ATAC-seq	GSM6571153: SC-Islet Stage6 month 12 [ATAC-Seq]; Homo sapiens; ATAC-seq	9606	Homo sapiens		ATAC-seq	GENOMIC	other	PAIRED	SRS15071392		Illumina NovaSeq 6000	Illumina NovaSeq 6000	ILLUMINA	369758188	13904373511	142335331	16510898396	GSM6571153_r2	TWHH-month12_atac_S4_L002_R1_001.fastq.gz	4448608246	2022-09-13 02:36:10	75fdf30cc2183900529ebca97ac84b7f	1	fastq	Original	0	s3://sra-pub-src-12/SRR21518365/TWHH-month12_atac_S4_L002_R1_001.fastq.gz.1	-	Use Cloud Data Delivery	https://sra-pub-run-odp.s3.amazonaws.com/sra/SRR21518365/SRR21518365	https://sra-downloadb.be-md.ncbi.nlm.nih.gov/sos4/sra-pub-zq-3/SRR021/21518/SRR21518365/SRR21518365.lite.1	worldwide	anonymous	gs://sra-pub-zq-9/SRR21518365/SRR21518365.lite.1	gs.US	gcp identity	GSM6571153	Stem Cell Derived Islets	ES-Derived Islet	In vitro	10x Single Cell Multiome ATAC + Gene Expression v1 kit		http://ftp.sra.ebi.ac.uk/vol1/fastq/SRR215/065/SRR21518365/SRR21518365_1.fastq.gz	http://ftp.sra.ebi.ac.uk/vol1/fastq/SRR215/065/SRR21518365/SRR21518365_2.fastq.gz		era-fasp@fasp.sra.ebi.ac.uk:vol1/fastq/SRR215/065/SRR21518365/SRR21518365_1.fastq.gz	era-fasp@fasp.sra.ebi.ac.uk:vol1/fastq/SRR215/065/SRR21518365/SRR21518365_2.fastq.gz
SRR21518366	SRP366403	Single nuclei multiomics of human stem cell-derived islets identifies deficiencies in lineage specification	SRX17520828	GSM6571154: SC-Islet Stage6 month 12 [RNA-Seq]; Homo sapiens; ATAC-seq	GSM6571154: SC-Islet Stage6 month 12 [RNA-Seq]; Homo sapiens; ATAC-seq	9606	Homo sapiens		ATAC-seq	TRANSCRIPTOMIC	other	PAIRED	SRS15071393		Illumina NovaSeq 6000	Illumina NovaSeq 6000	ILLUMINA	539874973	31173270023	539874973	96097745194	GSM6571154_r1	SRR21518366.lite	24538614918	2023-05-09 20:25:27	471adc4aad1dc651405cd4c06d206f19	1	SRA Lite	Primary ETL	1	s3://sra-pub-zq-7/SRR21518366/SRR21518366.lite.1	s3.us-east-1	aws identity	https://sra-downloadb.be-md.ncbi.nlm.nih.gov/sos4/sra-pub-zq-3/SRR021/21518/SRR21518366/SRR21518366.lite.1	https://sra-downloadb.be-md.ncbi.nlm.nih.gov/sos4/sra-pub-zq-3/SRR021/21518/SRR21518366/SRR21518366.lite.1	worldwide	anonymous	gs://sra-pub-zq-9/SRR21518366/SRR21518366.lite.1	gs.US	gcp identity	GSM6571154	Stem Cell Derived Islets	ES-Derived Islet	In vitro	10x Single Cell Multiome ATAC + Gene Expression v1 kit		http://ftp.sra.ebi.ac.uk/vol1/fastq/SRR215/066/SRR21518366/SRR21518366_1.fastq.gz	http://ftp.sra.ebi.ac.uk/vol1/fastq/SRR215/066/SRR21518366/SRR21518366_2.fastq.gz		era-fasp@fasp.sra.ebi.ac.uk:vol1/fastq/SRR215/066/SRR21518366/SRR21518366_1.fastq.gz	era-fasp@fasp.sra.ebi.ac.uk:vol1/fastq/SRR215/066/SRR21518366/SRR21518366_2.fastq.gz
SRR23854914	SRP366403	Single nuclei multiomics of human stem cell-derived islets identifies deficiencies in lineage specification	SRX19667602	GSM7096627: Human Islet 3 [ATAC-Seq]; Homo sapiens; ATAC-seq	GSM7096627: Human Islet 3 [ATAC-Seq]; Homo sapiens; ATAC-seq	9606	Homo sapiens		ATAC-seq	GENOMIC SINGLE CELL	other	PAIRED	SRS17037876		Illumina NovaSeq 6000	Illumina NovaSeq 6000	ILLUMINA	397389371	15287618788	397389371	46097167036	GSM7096627_r1	TWHH-humanislet3_atac_S7_L001_R1_001.fastq.gz	12526299023	2023-03-17 03:02:15	2b1584137cb412230190273b319b2995	1	fastq	Original	0	s3://sra-pub-src-15/SRR23854914/TWHH-humanislet3_atac_S7_L001_R1_001.fastq.gz.1	-	Use Cloud Data Delivery	https://sra-downloadb.be-md.ncbi.nlm.nih.gov/sos4/sra-pub-run-30/SRR023/23854/SRR23854914/SRR23854914.1	https://sra-downloadb.be-md.ncbi.nlm.nih.gov/sos4/sra-pub-run-30/SRR023/23854/SRR23854914/SRR23854914.1	worldwide	anonymous	gs://sra-pub-run-4/SRR23854914/SRR23854914.1	gs.US	gcp identity	GSM7096627	Human islets	Primary	Primary	10x Single Cell Multiome ATAC + Gene Expression v1 kit		http://ftp.sra.ebi.ac.uk/vol1/fastq/SRR238/014/SRR23854914/SRR23854914_1.fastq.gz	http://ftp.sra.ebi.ac.uk/vol1/fastq/SRR238/014/SRR23854914/SRR23854914_2.fastq.gz		era-fasp@fasp.sra.ebi.ac.uk:vol1/fastq/SRR238/014/SRR23854914/SRR23854914_1.fastq.gz	era-fasp@fasp.sra.ebi.ac.uk:vol1/fastq/SRR238/014/SRR23854914/SRR23854914_2.fastq.gz
SRR23854915	SRP366403	Single nuclei multiomics of human stem cell-derived islets identifies deficiencies in lineage specification	SRX19667603	GSM7096628: Human Islet 3 [RNA-Seq]; Homo sapiens; RNA-Seq	GSM7096628: Human Islet 3 [RNA-Seq]; Homo sapiens; RNA-Seq	9606	Homo sapiens		RNA-Seq	TRANSCRIPTOMIC SINGLE CELL	cDNA	PAIRED	SRS17037877		Illumina NovaSeq 6000	Illumina NovaSeq 6000	ILLUMINA	686166442	40653373751	686166442	122137626676	GSM7096628_r1	SRR23854915	40653376271	2023-03-17 04:13:37	072d74ff1d24f5ed3b5b6c230d99dbc1	1	SRA Normalized	Primary ETL	1	https://sra-pub-run-odp.s3.amazonaws.com/sra/SRR23854915/SRR23854915	worldwide	anonymous	https://sra-downloadb.be-md.ncbi.nlm.nih.gov/sos4/sra-pub-run-30/SRR023/23854/SRR23854915/SRR23854915.1	https://sra-downloadb.be-md.ncbi.nlm.nih.gov/sos4/sra-pub-run-30/SRR023/23854/SRR23854915/SRR23854915.1	worldwide	anonymous	gs://sra-pub-run-4/SRR23854915/SRR23854915.1	gs.US	gcp identity	GSM7096628	Human islets	Primary	Primary	10x Single Cell Multiome ATAC + Gene Expression v1 kit		http://ftp.sra.ebi.ac.uk/vol1/fastq/SRR238/015/SRR23854915/SRR23854915_1.fastq.gz	http://ftp.sra.ebi.ac.uk/vol1/fastq/SRR238/015/SRR23854915/SRR23854915_2.fastq.gz		era-fasp@fasp.sra.ebi.ac.uk:vol1/fastq/SRR238/015/SRR23854915/SRR23854915_1.fastq.gz	era-fasp@fasp.sra.ebi.ac.uk:vol1/fastq/SRR238/015/SRR23854915/SRR23854915_2.fastq.gz
SRR23854916	SRP366403	Single nuclei multiomics of human stem cell-derived islets identifies deficiencies in lineage specification	SRX19667604	GSM7096629: Human Islet 4 [ATAC-Seq]; Homo sapiens; ATAC-seq	GSM7096629: Human Islet 4 [ATAC-Seq]; Homo sapiens; ATAC-seq	9606	Homo sapiens		ATAC-seq	GENOMIC SINGLE CELL	other	PAIRED	SRS17037878		Illumina NovaSeq 6000	Illumina NovaSeq 6000	ILLUMINA	257061146	10384099086	257061146	29819092936	GSM7096629_r1	SRR23854916	10384101605	2023-03-17 00:46:25	1c0d79af2502944f721e16ca092db6d1	1	SRA Normalized	Primary ETL	1	https://sra-pub-run-odp.s3.amazonaws.com/sra/SRR23854916/SRR23854916	worldwide	anonymous	https://sra-downloadb.be-md.ncbi.nlm.nih.gov/sos4/sra-pub-run-30/SRR023/23854/SRR23854916/SRR23854916.1	https://sra-downloadb.be-md.ncbi.nlm.nih.gov/sos4/sra-pub-run-30/SRR023/23854/SRR23854916/SRR23854916.1	worldwide	anonymous	gs://sra-pub-run-4/SRR23854916/SRR23854916.1	gs.US	gcp identity	GSM7096629	Human islets	Primary	Primary	10x Single Cell Multiome ATAC + Gene Expression v1 kit		http://ftp.sra.ebi.ac.uk/vol1/fastq/SRR238/016/SRR23854916/SRR23854916_1.fastq.gz	http://ftp.sra.ebi.ac.uk/vol1/fastq/SRR238/016/SRR23854916/SRR23854916_2.fastq.gz		era-fasp@fasp.sra.ebi.ac.uk:vol1/fastq/SRR238/016/SRR23854916/SRR23854916_1.fastq.gz	era-fasp@fasp.sra.ebi.ac.uk:vol1/fastq/SRR238/016/SRR23854916/SRR23854916_2.fastq.gz
SRR23854917	SRP366403	Single nuclei multiomics of human stem cell-derived islets identifies deficiencies in lineage specification	SRX19667605	GSM7096630: Human Islet 4 [RNA-Seq]; Homo sapiens; RNA-Seq	GSM7096630: Human Islet 4 [RNA-Seq]; Homo sapiens; RNA-Seq	9606	Homo sapiens		RNA-Seq	TRANSCRIPTOMIC SINGLE CELL	cDNA	PAIRED	SRS17037879		Illumina NovaSeq 6000	Illumina NovaSeq 6000	ILLUMINA	610834403	37169075652	610834403	108728523734	GSM7096630_r1	SRR23854917	37169078172	2023-03-17 03:30:46	d457359876aa4d497fd51cfb5b79899b	1	SRA Normalized	Primary ETL	1	https://sra-pub-run-odp.s3.amazonaws.com/sra/SRR23854917/SRR23854917	worldwide	anonymous	https://sra-downloadb.be-md.ncbi.nlm.nih.gov/sos4/sra-pub-run-30/SRR023/23854/SRR23854917/SRR23854917.1	https://sra-downloadb.be-md.ncbi.nlm.nih.gov/sos4/sra-pub-run-30/SRR023/23854/SRR23854917/SRR23854917.1	worldwide	anonymous	gs://sra-pub-run-4/SRR23854917/SRR23854917.1	gs.US	gcp identity	GSM7096630	Human islets	Primary	Primary	10x Single Cell Multiome ATAC + Gene Expression v1 kit		http://ftp.sra.ebi.ac.uk/vol1/fastq/SRR238/017/SRR23854917/SRR23854917_1.fastq.gz	http://ftp.sra.ebi.ac.uk/vol1/fastq/SRR238/017/SRR23854917/SRR23854917_2.fastq.gz		era-fasp@fasp.sra.ebi.ac.uk:vol1/fastq/SRR238/017/SRR23854917/SRR23854917_1.fastq.gz	era-fasp@fasp.sra.ebi.ac.uk:vol1/fastq/SRR238/017/SRR23854917/SRR23854917_2.fastq.gz
